link,notes,time,match,game,team_1,team_2,singles_doubles,serve,first_serve,server,reciever,serve_in_stack,receive_in_stack,serve_type,third_by,third_shot,third_shot_placement,third_recipient,taken_by_left_side,poach_player,poach_winner,speed_up_player_1,bounce_or_air_1,sped_up_to,speed_up_winner_1,won_returning_speed_up_1,speed_up_player_2,bounce_or_air_2,sped_up_to_2,speed_up_winner_2,won_returning_speed_up_2,lob_player,lob_type,winner,winner_type,won_on_attackable,gave_attackable_before_winner,gave_attackable_on_winner,prev_last_touch,last_touch,final_score,winner_game,winner_match
https://www.youtube.com/watch?v=egWpp3asn-g,,2:48,6,1,cjohns/bjohns,akoller/rnewman,2,1,2,akoller,cjohns,,,traditional,rnewman,drop,direct,,1,,,,,,,,,,,,,,,cjohns/bjohns,forced_error,1,,,cjohns,rnewman,,,
https://www.youtube.com/watch?v=egWpp3asn-g,,,6,1,cjohns/bjohns,akoller/rnewman,2,2,1,cjohns,akoller,,,traditional,cjohns,drop,direct,rnewman,,,,akoller,2,bjohns,,,,,,,,,,cjohns/bjohns,forced_error,,,,bjohns,rnewman,,,
https://www.youtube.com/watch?v=egWpp3asn-g,,,6,1,cjohns/bjohns,akoller/rnewman,2,3,1,cjohns,rnewman,,,traditional,bjohns,drop,middle,akoller,,,,,,,,,,,,,,,,cjohns/bjohns,forced_winner,1,,,rnewman,bjohns,,,
https://www.youtube.com/watch?v=egWpp3asn-g,,4:03,6,1,cjohns/bjohns,akoller/rnewman,2,4,1,cjohns,akoller,,,traditional,bjohns,drop,middle,rnewman,1,,,,,,,,,,,,,,,akoller/rnewman,forced_error,1,,,rnewman,bjohns,,,
https://www.youtube.com/watch?v=egWpp3asn-g,,,6,1,cjohns/bjohns,akoller/rnewman,2,5,2,bjohns,,,,,,,,,,,,,,,,,,,,,,,,akoller/rnewman,unforced_error,,,,,bjohns,,,
https://www.youtube.com/watch?v=egWpp3asn-g,,,6,1,cjohns/bjohns,akoller/rnewman,2,6,1,akoller,cjohns,,,traditional,rnewman,drop,direct,bjohns,1,,,rnewman,1,cjohns,,,,,,,,,,cjohns/bjohns,unforced_error,,,,bjohns,rnewman,,,
https://www.youtube.com/watch?v=egWpp3asn-g,,,6,1,cjohns/bjohns,akoller/rnewman,2,7,2,rnewman,bjohns,,,traditional,rnewman,drop,cross,bjohns,1,,,,,,,,,,,,,,,cjohns/bjohns,forced_error,1,,rnewman,cjohns,akoller,,,
https://www.youtube.com/watch?v=egWpp3asn-g,,5:04,6,1,cjohns/bjohns,akoller/rnewman,2,8,1,cjohns,akoller,,,traditional,cjohns,drop,direct,rnewman,1,,,rnewman,1,,1,,,,,,,,,akoller/rnewman,forced_winner,1,,cjohns,cjohns,rnewman,,,
https://www.youtube.com/watch?v=egWpp3asn-g,,,6,1,cjohns/bjohns,akoller/rnewman,2,9,2,bjohns,rnewman,,,traditional,cjohns,drop,direct,rnewman,1,,,,,,,,,,,,,,,cjohns/bjohns,forced_winner,1,,akoller,akoller,bjohns,,,
https://www.youtube.com/watch?v=egWpp3asn-g,,,6,1,cjohns/bjohns,akoller/rnewman,2,10,2,bjohns,akoller,1,,traditional,bjohns,drive,middle,,,,,,,,,,,,,,,,,akoller/rnewman,unforced_error,,,,akoller,bjohns,,,
https://www.youtube.com/watch?v=egWpp3asn-g,,6:05,6,1,cjohns/bjohns,akoller/rnewman,2,11,1,akoller,bjohns,,1,traditional,rnewman,drop,direct,cjohns,,,,,,,,,,,,,,,,cjohns/bjohns,unforced_error,,,,cjohns,akoller,,,
https://www.youtube.com/watch?v=egWpp3asn-g,,,6,1,cjohns/bjohns,akoller/rnewman,2,12,2,rnewman,cjohns,,1,traditional,akoller,drop,middle,bjohns,1,,,rnewman,2,cjohns,,,akoller,2,,,,,,cjohns/bjohns,unforced_error,,,,bjohns,akoller,,,
https://www.youtube.com/watch?v=egWpp3asn-g,,6:58,6,1,cjohns/bjohns,akoller/rnewman,2,13,1,bjohns,akoller,1,,traditional,cjohns,drop,direct,rnewman,1,,,rnewman,1,cjohns,,,akoller,2,bjohns,,,,,cjohns/bjohns,unforced_error,,,,bjohns,rnewman,,,
https://www.youtube.com/watch?v=egWpp3asn-g,,,6,1,cjohns/bjohns,akoller/rnewman,2,14,1,bjohns,rnewman,,,traditional,,,,,,,,,,,,,,,,,,,,akoller/rnewman,unforced_error,,,,,bjohns,,,
https://www.youtube.com/watch?v=egWpp3asn-g,,,6,1,cjohns/bjohns,akoller/rnewman,2,15,2,cjohns,akoller,,,traditional,bjohns,,,,,,,,,,,,,,,,,,,akoller/rnewman,unforced_error,,,,akoller,bjohns,,,
https://www.youtube.com/watch?v=egWpp3asn-g,,7:54,6,1,cjohns/bjohns,akoller/rnewman,2,16,1,akoller,cjohns,,,traditional,akoller,drop,cross,cjohns,,,,akoller,2,cjohns,,1,,,,,,,,cjohns/bjohns,forced_winner,1,,akoller,akoller,cjohns,,,
https://www.youtube.com/watch?v=egWpp3asn-g,,,6,1,cjohns/bjohns,akoller/rnewman,2,17,2,rnewman,bjohns,,,traditional,rnewman,drop,cross,bjohns,1,,,bjohns,1,,,,,,,,,,,akoller/rnewman,unforced_error,,,,rnewman,bjohns,,,
https://www.youtube.com/watch?v=egWpp3asn-g,,,6,1,cjohns/bjohns,akoller/rnewman,2,18,2,rnewman,cjohns,1,,traditional,rnewman,drop,direct,bjohns,1, ,,,,,,,,,,,,,,akoller/rnewman,unforced_error,,,,akoller,bjohns,,,
https://www.youtube.com/watch?v=egWpp3asn-g,,,6,1,cjohns/bjohns,akoller/rnewman,2,19,2,rnewman,bjohns,,,traditional,rnewman,drive,middle,cjohns,,,,,,,,,,,,,,,,cjohns/bjohns,forced_error,1,,rnewman,bjohns,akoller,,,
https://www.youtube.com/watch?v=egWpp3asn-g,*added gave_attackable_before here,,6,1,cjohns/bjohns,akoller/rnewman,2,20,1,cjohns,akoller,,,traditional,no_footage,,,rnewman,,,,akoller,2,bjohns,,,,,,,,,,akoller/rnewman,forced_error,1,bjohns,,rnewman,cjohns,,,
https://www.youtube.com/watch?v=egWpp3asn-g,,,6,1,cjohns/bjohns,akoller/rnewman,2,21,2,bjohns,rnewman,,,traditional,cjohns,drop,direct,rnewman,1,,,akoller,2,bjohns,,1,,,,,,,,cjohns/bjohns,forced_error,,,,bjohns,akoller,,,
https://www.youtube.com/watch?v=egWpp3asn-g,,,6,1,cjohns/bjohns,akoller/rnewman,2,22,2,bjohns,akoller,1,,traditional,cjohns,drop,,,,,,,,,,,,,,,,,,akoller/rnewman,unforced_error,,,,akoller,cjohns,,,
https://www.youtube.com/watch?v=egWpp3asn-g,,10:06,6,1,cjohns/bjohns,akoller/rnewman,2,23,1,akoller,bjohns,,1,traditional,rnewman,drop,cross,bjohns,1,,,akoller,1,bjohns,,1,,,,,,,,cjohns/bjohns,forced_winner,,,,akoller,bjohns,,,
https://www.youtube.com/watch?v=egWpp3asn-g,,,6,1,cjohns/bjohns,akoller/rnewman,2,24,2,rnewman,cjohns,,1,traditional,akoller,drive,cross,cjohns,,,,akoller,2,bjohns,,1,,,,,,,,cjohns/bjohns,forced_error,,,,bjohns,rnewman,,,
https://www.youtube.com/watch?v=egWpp3asn-g,,,6,1,cjohns/bjohns,akoller/rnewman,2,25,1,bjohns,akoller,1,,traditional,cjohns,drop,direct,rnewman,1,,,akoller,2,bjohns,1,,,,,,,,,akoller/rnewman,forced_winner,1,cjohns,bjohns,bjohns,akoller,,,
https://www.youtube.com/watch?v=egWpp3asn-g,,,6,1,cjohns/bjohns,akoller/rnewman,2,26,2,cjohns,rnewman,1,,traditional,cjohns,drop,direct,rnewman,1,,,,,,,,,,,,,,,akoller/rnewman,forced_error,1,,bjohns,akoller,bjohns,,,
https://www.youtube.com/watch?v=egWpp3asn-g,,11:43,6,1,cjohns/bjohns,akoller/rnewman,2,27,1,akoller,bjohns,,1,traditional,rnewman,,,,,,,,,,,,,,,,,,,cjohns/bjohns,unforced_error,,,,bjohns,rnewman,,,
https://www.youtube.com/watch?v=egWpp3asn-g,,,6,1,cjohns/bjohns,akoller/rnewman,2,28,2,rnewman,cjohns,,1,traditional,akoller,drive,cross,cjohns,,,,,,,,,,,,,,,,cjohns/bjohns,forced_winner,1,,akoller,akoller,bjohns,,,
https://www.youtube.com/watch?v=egWpp3asn-g,,12:18,6,1,cjohns/bjohns,akoller/rnewman,2,29,1,bjohns,akoller,1,,traditional,bjohns,drop,direct,akoller,,,,,,,,,,,,,,,,akoller/rnewman,forced_winner,1,,bjohns,bjohns,akoller,,,
https://www.youtube.com/watch?v=egWpp3asn-g,,,6,1,cjohns/bjohns,akoller/rnewman,2,30,2,cjohns,rnewman,1,,traditional,bjohns,drive,direct,akoller,,,,,,,,,,,,,,,,cjohns/bjohns,unforced_error,,,,bjohns,rnewman,,,
https://www.youtube.com/watch?v=egWpp3asn-g,,,6,1,cjohns/bjohns,akoller/rnewman,2,31,2,cjohns,akoller,,,traditional,bjohns,drop,direct,akoller,,,,,,,,,,,,,,,,akoller/rnewman,forced_error,1,,bjohns,rnewman,cjohns,,,
https://www.youtube.com/watch?v=egWpp3asn-g,,13:40,6,1,cjohns/bjohns,akoller/rnewman,2,32,1,akoller,cjohns,,,traditional,rnewman,drive,direct,bjohns,1,,,akoller,1,bjohns,1,,,,,,,,,akoller/rnewman,forced_error,,,,akoller,bjohns,,,
https://www.youtube.com/watch?v=egWpp3asn-g,,,6,1,cjohns/bjohns,akoller/rnewman,2,33,1,akoller,bjohns,1,,traditional,rnewman,drop,cross,bjohns,1,,,,,,,,,,,,,,,cjohns/bjohns,unforced_error,,,,bjohns,rnewman,,,
https://www.youtube.com/watch?v=egWpp3asn-g,,,6,1,cjohns/bjohns,akoller/rnewman,2,34,2,rnewman,cjohns,1,,traditional,rnewman,drop,direct,bjohns,1,,,,,,,,,,,,,,,cjohns/bjohns,forced_error,1,,akoller,cjohns,akoller,,,
https://www.youtube.com/watch?v=egWpp3asn-g,,14:55,6,1,cjohns/bjohns,akoller/rnewman,2,35,1,cjohns,rnewman,,1,traditional,cjohns,drop,direct,rnewman,1,bjohns,1,,,,,,,,,,,,,cjohns/bjohns,forced_error,1,,rnewman,bjohns,akoller,,,
https://www.youtube.com/watch?v=egWpp3asn-g,,,6,1,cjohns/bjohns,akoller/rnewman,2,36,1,cjohns,akoller,1,1,traditional,bjohns,drop,cross,rnewman,1,,,,,,,,,,,,,,,cjohns/bjohns,forced_error,1,,rnewman,bjohns,akoller,,,
https://www.youtube.com/watch?v=egWpp3asn-g,,,6,1,cjohns/bjohns,akoller/rnewman,2,37,1,cjohns,rnewman,,1,traditional,bjohns,drop,cross,rnewman,1,,,bjohns,2,,,,,,,,,,,akoller/rnewman,unforced_error,,,,rnewman,bjohns,,,
https://www.youtube.com/watch?v=egWpp3asn-g,,,6,1,cjohns/bjohns,akoller/rnewman,2,38,2,bjohns,akoller,,1,traditional,cjohns,drive,,,,,,,,,,,,,,,,,,cjohns/bjohns,unforced_error,,,,akoller,cjohns,,,
https://www.youtube.com/watch?v=egWpp3asn-g,,16:20,6,1,cjohns/bjohns,akoller/rnewman,2,39,1,rnewman,cjohns,1,,traditional,rnewman,drive,direct,bjohns,1,,,rnewman,1,cjohns,1,,,,,,,,,akoller/rnewman,forced_error,,,,rnewman,cjohns,,,
https://www.youtube.com/watch?v=egWpp3asn-g,,,6,1,cjohns/bjohns,akoller/rnewman,2,40,1,rnewman,bjohns,,,traditional,rnewman,drop,cross,bjohns,1,,,,,,,,,,,,,,,cjohns/bjohns,forced_error,1,,rnewman,bjohns,akoller,,,
https://www.youtube.com/watch?v=egWpp3asn-g,,,6,1,cjohns/bjohns,akoller/rnewman,2,41,2,akoller,cjohns,,,traditional,akoller,drop,cross,bjohns,1,,,,,,,,,,,,,,,cjohns/bjohns,forced_error,1,,akoller,bjohns,rnewman,,,
https://www.youtube.com/watch?v=egWpp3asn-g,,17:15,6,1,cjohns/bjohns,akoller/rnewman,2,42,1,cjohns,akoller,,,traditional,bjohns,drop,middle,,,,,,,,,,,,,,,,,akoller/rnewman,unforced_error,,,,akoller,bjohns,,,
https://www.youtube.com/watch?v=egWpp3asn-g,,,6,1,cjohns/bjohns,akoller/rnewman,2,43,2,bjohns,rnewman,,,traditional,bjohns,drop,middle,,,,,,,,,,,,,,,,,akoller/rnewman,unforced_error,,,,rnewman,bjohns,,,
https://www.youtube.com/watch?v=egWpp3asn-g,,,6,1,cjohns/bjohns,akoller/rnewman,2,44,1,akoller,cjohns,,,traditional,rnewman,drive,direct,cjohns,,,,,,,,,,,,,,,,cjohns/bjohns,unforced_error,,,,bjohns,rnewman,,,
https://www.youtube.com/watch?v=egWpp3asn-g,,,6,1,cjohns/bjohns,akoller/rnewman,2,45,2,rnewman,bjohns,,,traditional,rnewman,drop,direct,bjohns,1,,,,,,,,,,,,,,,cjohns/bjohns,unforced_error,,,,bjohns,rnewman,,,
https://www.youtube.com/watch?v=egWpp3asn-g,,18:16,6,1,cjohns/bjohns,akoller/rnewman,2,46,1,cjohns,akoller,,,traditional,bjohns,drop,cross,rnewman,1,,,rnewman,1,bjohns,1,,,,,,,,,akoller/rnewman,forced_error,,,,rnewman,bjohns,,,
https://www.youtube.com/watch?v=egWpp3asn-g,,,6,1,cjohns/bjohns,akoller/rnewman,2,47,2,bjohns,rnewman,,,traditional,cjohns,drop,direct,rnewman,1,,,akoller,2,cjohns,1,,,,,,,,,akoller/rnewman,forced_error,,,,akoller,cjohns,,,
https://www.youtube.com/watch?v=egWpp3asn-g,,,6,1,cjohns/bjohns,akoller/rnewman,2,48,1,akoller,cjohns,,,traditional,rnewman,drive,direct,cjohns,,,,akoller,2,cjohns,,1,,,,,,,,cjohns/bjohns,forced_winner,1,,akoller,akoller,cjohns,,,
https://www.youtube.com/watch?v=egWpp3asn-g,,,6,1,cjohns/bjohns,akoller/rnewman,2,49,2,rnewman,bjohns,,,traditional,rnewman,drop,direct,,,,,,,,,,,,,,,,,cjohns/bjohns,unforced_error,,,,bjohns,rnewman,,,
https://www.youtube.com/watch?v=egWpp3asn-g,,20:16,6,1,cjohns/bjohns,akoller/rnewman,2,50,1,cjohns,akoller,,,traditional,bjohns,drop,cross,rnewman,1,,,,,,,,,,,,,,,akoller/rnewman,forced_error,,,,rnewman,cjohns,,,
https://www.youtube.com/watch?v=egWpp3asn-g,,,6,1,cjohns/bjohns,akoller/rnewman,2,51,2,bjohns,rnewman,,,traditional,cjohns,drop,direct,rnewman,1,bjohns,,bjohns,,,,1,,,,,,,,akoller/rnewman,forced_error,,,,rnewman,bjohns,,,
https://www.youtube.com/watch?v=egWpp3asn-g,,20:50,6,1,cjohns/bjohns,akoller/rnewman,2,52,1,akoller,cjohns,,,traditional,rnewman,drive,cross,bjohns,1,,,,,,,,,,,,,,,cjohns/bjohns,unforced_error,,,,bjohns,akoller,,,
https://www.youtube.com/watch?v=egWpp3asn-g,,,6,1,cjohns/bjohns,akoller/rnewman,2,53,2,rnewman,bjohns,,,traditional,rnewman,drop,direct,cjohns,,bjohns,1,,,,,,,,,,,akoller,1,cjohns/bjohns,forced_winner,,,,rnewman,bjohns,,,
https://www.youtube.com/watch?v=egWpp3asn-g,,,6,1,cjohns/bjohns,akoller/rnewman,2,54,1,cjohns,akoller,,,traditional,bjohns,drop,middle,rnewman,1,,,rnewman,1,cjohns,,,,,,,,,,akoller/rnewman,forced_error,,,,rnewman,bjohns,,,
https://www.youtube.com/watch?v=egWpp3asn-g,,,6,1,cjohns/bjohns,akoller/rnewman,2,55,2,bjohns,rnewman,,,traditional,no_footage,,,rnewman,1,,,,,,,,,,,,,,,cjohns/bjohns,unforced_error,,,,bjohns,rnewman,,,
https://www.youtube.com/watch?v=egWpp3asn-g,,,6,1,cjohns/bjohns,akoller/rnewman,2,56,2,bjohns,akoller,1,,traditional,bjohns,drop,direct,akoller,,,,,,,,,,,,,,,,cjohns/bjohns,unforced_error,,,,bjohns,akoller,,,
https://www.youtube.com/watch?v=egWpp3asn-g,,22:38,6,1,cjohns/bjohns,akoller/rnewman,2,57,2,bjohns,rnewman,,,traditional,cjohns,drop,direct,rnewman,1,,,bjohns,1,akoller,1,,,,,,,,,cjohns/bjohns,forced_winner,,,,akoller,bjohns,11-4,cjohns/bjohns,
https://www.youtube.com/watch?v=egWpp3asn-g,,23:46,6,2,cjohns/bjohns,akoller/rnewman,2,1,2,cjohns,akoller,,,traditional,bjohns,drop,cross,rnewman,1,,,,,,,,,,,,,,,akoller/rnewman,unforced_error,,,,rnewman,bjohns,,,
https://www.youtube.com/watch?v=egWpp3asn-g,,24:07,6,2,cjohns/bjohns,akoller/rnewman,2,2,1,akoller,cjohns,,,traditional,rnewman,drop,direct,bjohns,1,,,,,,,,,,,,,,,akoller/rnewman,forced_error,,,,rnewman,cjohns,,,
https://www.youtube.com/watch?v=egWpp3asn-g,,,6,2,cjohns/bjohns,akoller/rnewman,2,3,1,akoller,bjohns,1,,traditional,rnewman,drop,direct,cjohns,,,,,,,,,,,,,,,,cjohns/bjohns,forced_error,1,,akoller,bjohns,rnewman,,,
https://www.youtube.com/watch?v=egWpp3asn-g,,,6,2,cjohns/bjohns,akoller/rnewman,2,4,2,rnewman,cjohns,1,,traditional,akoller,lob,cross,cjohns,,,,akoller,2,bjohns,,,,,,,,,,akoller/rnewman,forced_error,,,,rnewman,bjohns,,,
https://www.youtube.com/watch?v=egWpp3asn-g,,,6,2,cjohns/bjohns,akoller/rnewman,2,5,2,rnewman,bjohns,,,traditional,rnewman,drop,,,,,,,,,,,,,,,,,,cjohns/bjohns,unforced_error,,,,bjohns,rnewman,,,
https://www.youtube.com/watch?v=egWpp3asn-g,,25:25,6,2,cjohns/bjohns,akoller/rnewman,2,6,1,cjohns,akoller,,,traditional,cjohns,drop,middle,rnewman,1,,,,,,,,,,,,,,,akoller/rnewman,forced_error,1,,cjohns,akoller,cjohns,,,
https://www.youtube.com/watch?v=egWpp3asn-g,,,6,2,cjohns/bjohns,akoller/rnewman,2,7,2,bjohns,rnewman,,,traditional,bjohns,drive,direct,akoller,,,,,,,,,,,,,,,,akoller/rnewman,unforced_error,,,,akoller,bjohns,,,
https://www.youtube.com/watch?v=egWpp3asn-g,,26:08,6,2,cjohns/bjohns,akoller/rnewman,2,8,1,akoller,cjohns,,,traditional,rnewman,drop,direct,cjohns,,,,rnewman,2,cjohns,1,,,,,,,,,akoller/rnewman,forced_error,,,,rnewman,cjohns,,,
https://www.youtube.com/watch?v=egWpp3asn-g,,,6,2,cjohns/bjohns,akoller/rnewman,2,9,1,akoller,bjohns,1,,traditional,no_footage,drop,direct,cjohns,,,,akoller,1,bjohns,1,,,,,,,,,akoller/rnewman,forced_error,,,,akoller,cjohns,,,
https://www.youtube.com/watch?v=egWpp3asn-g,,,6,2,cjohns/bjohns,akoller/rnewman,2,10,1,akoller,cjohns,,,traditional,rnewman,drive,direct,bjohns,1,,,bjohns,1,rnewman,1,,,,,,,,,cjohns/bjohns,forced_error,,,,bjohns,rnewman,,,
https://www.youtube.com/watch?v=egWpp3asn-g,,,6,2,cjohns/bjohns,akoller/rnewman,2,11,2,rnewman,bjohns,,,traditional,rnewman,drop,cross,bjohns,1,,,,,,,,,,,,,,,cjohns/bjohns,forced_error,1,rnewman,,akoller,bjohns,,,
https://www.youtube.com/watch?v=egWpp3asn-g,,27:25,6,2,cjohns/bjohns,akoller/rnewman,2,12,1,cjohns,akoller,,,traditional,bjohns,drop,cross,rnewman,1,,,,,,,,,,,,,,,cjohns/bjohns,unforced_error,,,,bjohns,akoller,,,
https://www.youtube.com/watch?v=egWpp3asn-g,,,6,2,cjohns/bjohns,akoller/rnewman,2,13,1,cjohns,rnewman,1,,traditional,bjohns,drop,cross,rnewman,1,,,,,,,,,,,,,,,cjohns/bjohns,forced_error,1,,akoller,bjohns,akoller,,,
https://www.youtube.com/watch?v=egWpp3asn-g,,,6,2,cjohns/bjohns,akoller/rnewman,2,14,1,cjohns,akoller,,,traditional,cjohns,drop,direct,rnewman,1,,,,,,,,,,,,,,,cjohns/bjohns,unforced_error,,,,cjohns,rnewman,,,
https://www.youtube.com/watch?v=egWpp3asn-g,,,6,2,cjohns/bjohns,akoller/rnewman,2,15,1,cjohns,rnewman,1,,traditional,cjohns,drop,cross,rnewman,1,,,,,,,,,,,,,,,akoller/rnewman,forced_error,1,bjohns,cjohns,rnewman,bjohns,,,
https://www.youtube.com/watch?v=egWpp3asn-g,,,6,2,cjohns/bjohns,akoller/rnewman,2,16,2,bjohns,akoller,1,,traditional,cjohns,drop,direct,rnewman,1,,,,,,,,,,,,,,,akoller/rnewman,forced_winner,,,,cjohns,rnewman,,,
https://www.youtube.com/watch?v=egWpp3asn-g,,29:04,6,2,cjohns/bjohns,akoller/rnewman,2,17,1,akoller,bjohns,,1,traditional,akoller,drop,direct,bjohns,1,,,,,,,,,,,,,,,akoller/rnewman,unforced_error,,,,akoller,bjohns,,,
https://www.youtube.com/watch?v=egWpp3asn-g,,,6,2,cjohns/bjohns,akoller/rnewman,2,18,1,akoller,cjohns,1,1,,,,,,,,,,,,,,,,,,,,,cjohns/bjohns,no_footage,,,,,,,,
https://www.youtube.com/watch?v=egWpp3asn-g,,,6,2,cjohns/bjohns,akoller/rnewman,2,19,2,rnewman,bjohns,1,1,traditional,,,,,,,,,,,,,,,,,,,,akoller/rnewman,unforced_error,,,,rnewman,bjohns,,,
https://www.youtube.com/watch?v=egWpp3asn-g,,,6,2,cjohns/bjohns,akoller/rnewman,2,20,2,rnewman,cjohns,,1,traditional,akoller,drop,direct,bjohns,1,,,,,,,,,,,,,,,akoller/rnewman,forced_error,1,,bjohns,rnewman,bjohns,,,
https://www.youtube.com/watch?v=egWpp3asn-g,,,6,2,cjohns/bjohns,akoller/rnewman,2,21,2,rnewman,bjohns,1,1,traditional,rnewman,drop,direct,cjohns,,,,cjohns,2,rnewman,,,akoller,2,cjohns,,1,,,cjohns/bjohns,forced_error,,,,cjohns,rnewman,,,
https://www.youtube.com/watch?v=egWpp3asn-g,,,6,2,cjohns/bjohns,akoller/rnewman,2,22,1,bjohns,rnewman,1,1,traditional,bjohns,drop,cross,rnewman,1,,,,,,,,,,,,,,,akoller/rnewman,unforced_error,,,,rnewman,bjohns,,,
https://www.youtube.com/watch?v=egWpp3asn-g,,,6,2,cjohns/bjohns,akoller/rnewman,2,23,2,cjohns,akoller,1,1,traditional,bjohns,drive,direct,rnewman,1,,,,,,,,,,,,,,,akoller/rnewman,forced_error,,,,rnewman,bjohns,,,
https://www.youtube.com/watch?v=egWpp3asn-g,,31:05,6,2,cjohns/bjohns,akoller/rnewman,2,24,1,rnewman,bjohns,1,1,traditional,rnewman,drop,direct,cjohns,,,,rnewman,1,cjohns,1,,,,,,,,,akoller/rnewman,forced_error,,,,rnewman,bjohns,,,
https://www.youtube.com/watch?v=egWpp3asn-g,,,6,2,cjohns/bjohns,akoller/rnewman,2,25,1,rnewman,cjohns,,1,traditional,akoller,drop,cross,bjohns,1,,,,,,,,,,,,,,,cjohns/bjohns,unforced_error,,,,bjohns,akoller,,,
https://www.youtube.com/watch?v=egWpp3asn-g,,,6,2,cjohns/bjohns,akoller/rnewman,2,26,2,akoller,bjohns,,1,traditional,rnewman,drop,direct,cjohns,,,,cjohns,1,rnewman,1,,,,,,,,,cjohns/bjohns,forced_winner,,,,rnewman,cjohns,,,
https://www.youtube.com/watch?v=egWpp3asn-g,,32:16,6,2,cjohns/bjohns,akoller/rnewman,2,27,1,bjohns,akoller,1,,traditional,bjohns,drop,cross,rnewman,1,,,akoller,2,bjohns,,1,,,,,,,,cjohns/bjohns,forced_error,,,,bjohns,akoller,,,
https://www.youtube.com/watch?v=egWpp3asn-g,,,6,2,cjohns/bjohns,akoller/rnewman,2,28,1,bjohns,rnewman,,,traditional,bjohns,drop,cross,rnewman,1,,,rnewman,1,bjohns,,,,,,,,,,cjohns/bjohns,forced_error,1,rnewman,,cjohns,akoller,,,
https://www.youtube.com/watch?v=egWpp3asn-g,,,6,2,cjohns/bjohns,akoller/rnewman,2,29,1,bjohns,akoller,1,,traditional,bjohns,drop,direct,akoller,,,,,,,,,,,,,,,,cjohns/bjohns,unforced_error,,,,bjohns,rnewman,,,
https://www.youtube.com/watch?v=egWpp3asn-g,,,6,2,cjohns/bjohns,akoller/rnewman,2,30,1,bjohns,rnewman,,,traditional,cjohns,drop,direct,rnewman,1,,,akoller,1,,,,,,,,,,,cjohns/bjohns,unforced_error,,,,cjohns,akoller,,,
https://www.youtube.com/watch?v=egWpp3asn-g,,,6,2,cjohns/bjohns,akoller/rnewman,2,31,1,bjohns,akoller,1,,traditional,,,,,,,,,,,,,,,,,,,,cjohns/bjohns,unforced_error,,,,bjohns,akoller,,,
https://www.youtube.com/watch?v=egWpp3asn-g,,,6,2,cjohns/bjohns,akoller/rnewman,2,32,1,bjohns,rnewman,,,traditional,cjohns,drop,direct,rnewman,1,,,,,,,,,,,,,,,akoller/rnewman,forced_winner,,,,cjohns,rnewman,,,
https://www.youtube.com/watch?v=egWpp3asn-g,,,6,2,cjohns/bjohns,akoller/rnewman,2,33,2,cjohns,akoller,,,traditional,bjohns,drop,direct,,,,,,,,,,,,,,,,,akoller/rnewman,unforced_error,,,,akoller,bjohns,,,
https://www.youtube.com/watch?v=egWpp3asn-g,,35:03,6,2,cjohns/bjohns,akoller/rnewman,2,34,1,akoller,cjohns,,,traditional,rnewman,drop,direct,bjohns,1,,,rnewman,1,cjohns,,1,,,,,,,,cjohns/bjohns,forced_winner,,,,rnewman,bjohns,,,
https://www.youtube.com/watch?v=egWpp3asn-g,,,6,2,cjohns/bjohns,akoller/rnewman,2,35,2,rnewman,bjohns,,,no_footage,,,,,,,,rnewman,1,cjohns,,1,,,,,,,,cjohns/bjohns,forced_error,,,,bjohns,akoller,,,
https://www.youtube.com/watch?v=egWpp3asn-g,,35:40,6,2,cjohns/bjohns,akoller/rnewman,2,36,1,cjohns,akoller,,,traditional,bjohns,drop,direct,akoller,,,,akoller,2,cjohns,,1,,,,,,,,cjohns/bjohns,forced_winner,,,,akoller,cjohns,,,
https://www.youtube.com/watch?v=egWpp3asn-g,,,6,2,cjohns/bjohns,akoller/rnewman,2,37,1,cjohns,rnewman,1,,traditional,cjohns,drop,direct,rnewman,1,,,bjohns,2,rnewman,,,,,,,,,,cjohns/bjohns,forced_error,1,,rnewman,bjohns,rnewman,,,
https://www.youtube.com/watch?v=egWpp3asn-g,,,6,2,cjohns/bjohns,akoller/rnewman,2,38,1,cjohns,akoller,,,traditional,bjohns,drop,direct,akoller,,,,rnewman,1,cjohns,,,rnewman,1,cjohns,1,,,,akoller/rnewman,forced_error,,,,rnewman,cjohns,,,
https://www.youtube.com/watch?v=egWpp3asn-g,,36:53,6,2,cjohns/bjohns,akoller/rnewman,2,39,2,bjohns,rnewman,,,traditional,bjohns,drop,middle,akoller,,,,,,,,,,,,,,,,cjohns/bjohns,forced_winner,1,,rnewman,rnewman,cjohns,11-8,cjohns/bjohns,
https://www.youtube.com/watch?v=egWpp3asn-g,,37:53,6,3,cjohns/bjohns,akoller/rnewman,2,1,2,akoller,cjohns,,,traditional,rnewman,drop,direct,bjohns,1,,,cjohns,1,rnewman,,1,,,,,,,,akoller/rnewman,forced_error,,,,rnewman,cjohns,,,
https://www.youtube.com/watch?v=egWpp3asn-g,,,6,3,cjohns/bjohns,akoller/rnewman,2,2,2,akoller,bjohns,1,,traditional,,,,,,,,,,,,,,,,,,,,akoller/rnewman,unforced_error,,,,akoller,bjohns,,,
https://www.youtube.com/watch?v=egWpp3asn-g,,,6,3,cjohns/bjohns,akoller/rnewman,2,3,2,akoller,cjohns,,,traditional,akoller,drop,cross,bjohns,1,,,bjohns,1,,,,,,,,,,,cjohns/bjohns,forced_winner,,,,akoller,bjohns,,,
https://www.youtube.com/watch?v=egWpp3asn-g,,,6,3,cjohns/bjohns,akoller/rnewman,2,4,1,cjohns,akoller,,,traditional,bjohns,drop,cross,rnewman,1,,,,,,,,,,,,,,,akoller/rnewman,forced_error,,,,rnewman,bjohns,,,
https://www.youtube.com/watch?v=egWpp3asn-g,,,6,3,cjohns/bjohns,akoller/rnewman,2,5,2,bjohns,rnewman,,,traditional,cjohns,drop,direct,rnewman,1,,,,,,,,,,,,,,,akoller/rnewman,forced_error,1,,cjohns,cjohns,rnewman,,,
https://www.youtube.com/watch?v=egWpp3asn-g,,39:10,6,3,cjohns/bjohns,akoller/rnewman,2,6,1,akoller,cjohns,,,traditional,rnewman,drop,direct,bjohns,1,,,,,,,,,,,,,,,akoller/rnewman,forced_error,1,,bjohns,akoller,bjohns,,,
https://www.youtube.com/watch?v=egWpp3asn-g,,,6,3,cjohns/bjohns,akoller/rnewman,2,7,1,akoller,bjohns,1,,traditional,akoller,drive,direct,cjohns,,,,rnewman,2,bjohns,,1,,,,,,,,cjohns/bjohns,forced_error,,,,bjohns,rnewman,,,
https://www.youtube.com/watch?v=egWpp3asn-g,,,6,3,cjohns/bjohns,akoller/rnewman,2,8,2,rnewman,cjohns,1,,traditional,rnewman,drop,direct,cjohns,,,,bjohns,2,rnewman,,,rnewman,2,cjohns,,,,,akoller/rnewman,forced_winner,1,,cjohns,cjohns,rnewman,,,
https://www.youtube.com/watch?v=egWpp3asn-g,,,6,3,cjohns/bjohns,akoller/rnewman,2,9,2,rnewman,bjohns,,,traditional,rnewman,drop,direct,cjohns,,,,,,,,,,,,,,,,cjohns/bjohns,forced_winner,1,rnewman,,rnewman,cjohns,,,
https://www.youtube.com/watch?v=egWpp3asn-g,,40:44,6,3,cjohns/bjohns,akoller/rnewman,2,10,1,cjohns,rnewman,,,traditional,bjohns,drop,middle,rnewman,1,,,,,,,,,,,,,,,akoller/rnewman,unforced_error,,,,akoller,cjohns,,,
https://www.youtube.com/watch?v=egWpp3asn-g,,,6,3,cjohns/bjohns,akoller/rnewman,2,11,2,bjohns,akoller,,,traditional,cjohns,drive,direct,rnewman,1,,,rnewman,1,cjohns,,,rnewman,2,,,,akoller,2,akoller/rnewman,forced_error,1,,cjohns,akoller,bjohns,,,
https://www.youtube.com/watch?v=egWpp3asn-g,,41:53,6,3,cjohns/bjohns,akoller/rnewman,2,12,1,akoller,cjohns,,,traditional,,,,,,,,,,,,,,,,,,,,akoller/rnewman,unforced_error,,,,akoller,cjohns,,,
https://www.youtube.com/watch?v=egWpp3asn-g,,,6,3,cjohns/bjohns,akoller/rnewman,2,13,1,akoller,bjohns,1,,traditional,rnewman,drop,cross,bjohns,1,akoller,1,,,,,,,,,,,,,akoller/rnewman,forced_error,1,,bjohns,akoller,bjohns,,,
https://www.youtube.com/watch?v=egWpp3asn-g,,,6,3,cjohns/bjohns,akoller/rnewman,2,14,1,akoller,cjohns,,,traditional,akoller,drop,cross,bjohns,1,,,,,,,,,,,,,,,cjohns/bjohns,fault,,,,rnewman,cjohns,,,
https://www.youtube.com/watch?v=egWpp3asn-g,,,6,3,cjohns/bjohns,akoller/rnewman,2,15,2,rnewman,bjohns,,,no_footage,,,,,,,,,,,,,,,,,,,,akoller/rnewman,unforced_error,,,,rnewman,bjohns,,,
https://www.youtube.com/watch?v=egWpp3asn-g,,,6,3,cjohns/bjohns,akoller/rnewman,2,16,2,rnewman,cjohns,,,no_footage,,,,,,,,,,,,,,,,,,,,akoller/rnewman,forced_error,,,,rnewman,cjohns,,,
https://www.youtube.com/watch?v=egWpp3asn-g,,,6,3,cjohns/bjohns,akoller/rnewman,2,17,2,rnewman,bjohns,1,,traditional,rnewman,drop,direct,cjohns,,,,,,,,,,,,,,,,cjohns/bjohns,forced_winner,1,rnewman,akoller,akoller,bjohns,,,
https://www.youtube.com/watch?v=egWpp3asn-g,,45:24,6,3,cjohns/bjohns,akoller/rnewman,2,18,1,cjohns,akoller,,,traditional,cjohns,drop,direct,rnewman,1,,,,,,,,,,,,,,,cjohns/bjohns,unforced_error,,,,cjohns,akoller,,,
https://www.youtube.com/watch?v=egWpp3asn-g,,,6,3,cjohns/bjohns,akoller/rnewman,2,19,1,cjohns,rnewman,1,,traditional,bjohns,drop,cross,rnewman,1,,,rnewman,1,cjohns,1,,,,,,,,,akoller/rnewman,forced_error,,,,rnewman,cjohns,,,
https://www.youtube.com/watch?v=egWpp3asn-g,,,6,3,cjohns/bjohns,akoller/rnewman,2,20,2,bjohns,akoller,1,,traditional,bjohns,drive,cross,rnewman,1,,,rnewman,2,cjohns,,,,,,,,,,akoller/rnewman,forced_error,,,,cjohns,rnewman,,,
https://www.youtube.com/watch?v=egWpp3asn-g,,,6,3,cjohns/bjohns,akoller/rnewman,2,21,2,bjohns,rnewman,,,traditional,bjohns,drop,middle,rnewman,1,,,akoller,2,bjohns,,,,,,,,,,cjohns/bjohns,unforced_error,,,,cjohns,rnewman,,,
https://www.youtube.com/watch?v=egWpp3asn-g,,,6,3,cjohns/bjohns,akoller/rnewman,2,22,2,bjohns,akoller,1,,traditional,bjohns,drop,cross,rnewman,1,,,,,,,,,,,,,,,akoller/rnewman,forced_winner,1,,bjohns,bjohns,akoller,,,
https://www.youtube.com/watch?v=egWpp3asn-g,,46:55,6,3,cjohns/bjohns,akoller/rnewman,2,23,1,akoller,bjohns,,1,traditional,rnewman,drive,cross,bjohns,1,,,,,,,,,,,,,,,cjohns/bjohns,unforced_error,,,,bjohns,rnewman,,,
https://www.youtube.com/watch?v=egWpp3asn-g,,,6,3,cjohns/bjohns,akoller/rnewman,2,24,2,rnewman,cjohns,,1,traditional,akoller,drop,middle,,,,,,,,,,,,,,,,,cjohns/bjohns,unforced_error,,,,cjohns,akoller,,,
https://www.youtube.com/watch?v=egWpp3asn-g,,47:23,6,3,cjohns/bjohns,akoller/rnewman,2,25,1,bjohns,akoller,1,,traditional,bjohns,drop,direct,akoller,,,,,,,,,,,,,,,,akoller/rnewman,forced_error,1,,bjohns,akoller,bjohns,,,
https://www.youtube.com/watch?v=egWpp3asn-g,,,6,3,cjohns/bjohns,akoller/rnewman,2,26,2,cjohns,rnewman,1,,traditional,bjohns,drop,cross,rnewman,1,,,,,,,,,,,,,,,akoller/rnewman,unforced_error,,,,bjohns,akoller,,,
https://www.youtube.com/watch?v=egWpp3asn-g,,48:01,6,3,cjohns/bjohns,akoller/rnewman,2,27,1,akoller,bjohns,,1,traditional,rnewman,drop,cross,bjohns,1,,,,,,,,,,,,,,,cjohns/bjohns,forced_error,,,,bjohns,akoller,,,
https://www.youtube.com/watch?v=egWpp3asn-g,,,6,3,cjohns/bjohns,akoller/rnewman,2,28,2,rnewman,cjohns,,1,traditional,rnewman,drive,cross,,,,,,,,,,,,,,,,,akoller/rnewman,forced_winner,,,,cjohns,rnewman,,,
https://www.youtube.com/watch?v=egWpp3asn-g,,,6,3,cjohns/bjohns,akoller/rnewman,2,29,2,rnewman,bjohns,1,1,traditional,akoller,drop,cross,,,,,akoller,2,bjohns,1,,,,,,,,,akoller/rnewman,forced_error,,,,akoller,cjohns,,,
https://www.youtube.com/watch?v=egWpp3asn-g,,,6,3,cjohns/bjohns,akoller/rnewman,2,30,2,rnewman,cjohns,,1,traditional,rnewman,drop,middle,bjohns,1,,,,,,,,,,,,,,,cjohns/bjohns,forced_error,,,,bjohns,akoller,,,
https://www.youtube.com/watch?v=egWpp3asn-g,,49:19,6,3,cjohns/bjohns,akoller/rnewman,2,31,1,bjohns,akoller,1,,traditional,cjohns,drive,cross,akoller,,,,,,,,,,,,,,,,cjohns/bjohns,forced_winner,,,,akoller,bjohns,,,
https://www.youtube.com/watch?v=egWpp3asn-g,,,6,3,cjohns/bjohns,akoller/rnewman,2,32,1,bjohns,rnewman,,,traditional,bjohns,drop,cross,rnewman,1,,,rnewman,2,cjohns,,1,,,,,,,,cjohns/bjohns,forced_winner,,,,rnewman,bjohns,,,
https://www.youtube.com/watch?v=egWpp3asn-g,,,6,3,cjohns/bjohns,akoller/rnewman,2,33,1,bjohns,akoller,1,,traditional,bjohns,drop,cross,rnewman,1,,,cjohns,1,rnewman,,,,,,,,,,cjohns/bjohns,forced_error,,,,cjohns,rnewman,,,
https://www.youtube.com/watch?v=egWpp3asn-g,,,6,3,cjohns/bjohns,akoller/rnewman,2,34,1,bjohns,rnewman,,,traditional,cjohns,drop,direct,rnewman,1,bjohns,,akoller,2,bjohns,,,akoller,1,bjohns,,,,,akoller/rnewman,forced_winner,,,,bjohns,rnewman,,,
https://www.youtube.com/watch?v=egWpp3asn-g,,,6,3,cjohns/bjohns,akoller/rnewman,2,35,2,cjohns,akoller,,,traditional,bjohns,drop,cross,rnewman,1,,,,,,,,,,,,,,,akoller/rnewman,unforced_error,,,,rnewman,bjohns,,,
https://www.youtube.com/watch?v=egWpp3asn-g,,50:57,6,3,cjohns/bjohns,akoller/rnewman,2,36,1,akoller,cjohns,,,traditional,rnewman,drop,direct,bjohns,1,,,,,,,,,,,,,,,cjohns/bjohns,forced_error,1,akoller,,bjohns,akoller,,,
https://www.youtube.com/watch?v=egWpp3asn-g,,51:14,6,3,cjohns/bjohns,akoller/rnewman,2,37,2,rnewman,bjohns,,,traditional,rnewman,drop,direct,cjohns,,,,akoller,2,bjohns,,,,,,,,,,akoller/rnewman,forced_winner,1,,cjohns,cjohns,akoller,11-6,akoller/rnewman,
https://www.youtube.com/watch?v=egWpp3asn-g,,52:24,6,4,cjohns/bjohns,akoller/rnewman,2,1,2,cjohns,akoller,,,traditional,cjohns,drop,direct,rnewman,1,,,,,,,,,,,,,,,akoller/rnewman,unforced_error,,,,rnewman,bjohns,,,
https://www.youtube.com/watch?v=egWpp3asn-g,,52:44,6,4,cjohns/bjohns,akoller/rnewman,2,2,1,akoller,cjohns,,,traditional,rnewman,drop,direct,bjohns,1,,,,,,,,,,,,,,,cjohns/bjohns,forced_winner,1,akoller,,akoller,bjohns,,,
https://www.youtube.com/watch?v=egWpp3asn-g,,,6,4,cjohns/bjohns,akoller/rnewman,2,3,2,rnewman,bjohns,,,traditional,rnewman,drop,direct,cjohns,,,,,,,,,,,,,,,,cjohns/bjohns,forced_error,1,,rnewman,akoller,cjohns,,,
https://www.youtube.com/watch?v=egWpp3asn-g,,53:15,6,4,cjohns/bjohns,akoller/rnewman,2,4,1,cjohns,akoller,,,traditional,cjohns,drop,direct,rnewman,1,,,cjohns,2,rnewman,,1,,,,,,,,akoller/rnewman,forced_winner,,,,cjohns,rnewman,,,
https://www.youtube.com/watch?v=egWpp3asn-g,,,6,4,cjohns/bjohns,akoller/rnewman,2,5,2,bjohns,rnewman,,,traditional,bjohns,drop,middle,rnewman,1,,,,,,,,,,,,,,,akoller/rnewman,forced_error,1,,cjohns,akoller,cjohns,,,
https://www.youtube.com/watch?v=egWpp3asn-g,,,6,4,cjohns/bjohns,akoller/rnewman,3,6,1,akoller,cjohns,,,traditional,akoller,drop,middle,bjohns,1,,,,,,,,,,,,,,,cjohns/bjohns,forced_winner,,,,rnewman,bjohns,,,
https://www.youtube.com/watch?v=egWpp3asn-g,,,6,4,cjohns/bjohns,akoller/rnewman,4,7,2,rnewman,bjohns,,,no_footage,,,,,,,,,,,,,,,,,,,,cjohns/bjohns,no_footage,,,,,,,,
https://www.youtube.com/watch?v=egWpp3asn-g,,,6,4,cjohns/bjohns,akoller/rnewman,5,8,1,cjohns,akoller,,,traditional,cjohns,drop,direct,rnewman,1,,,rnewman,1,cjohns,,,,,,,,,,akoller/rnewman,forced_error,,,,akoller,bjohns,,,
https://www.youtube.com/watch?v=egWpp3asn-g,,,6,4,cjohns/bjohns,akoller/rnewman,6,9,2,bjohns,rnewman,,,traditional,bjohns,drop,cross,rnewman,1,,,rnewman,2,cjohns,1,,,,,,,,,akoller/rnewman,forced_error,1,,cjohns,rnewman,bjohns,,,
https://www.youtube.com/watch?v=egWpp3asn-g,,55:46,6,4,cjohns/bjohns,akoller/rnewman,7,10,1,akoller,cjohns,,,traditional,akoller,drop,cross,cjohns,,,,,,,,,,,,,,,,akoller/rnewman,unforced_error,,,,akoller,cjohns,,,
